name,hidden_size,depth,num_heads,max_epochs,n_params,wall_total_s,wall_train_s,wall_recon_s,peak_gpu_mb,gene_pearson,cell_pearson,gene_mse,cell_mse
tiny,32,2,2,4,62830,3.271,2.720,0.552,22.04931640625,0.8957303762435913,0.19303694367408752,84.231201171875,11023.0830078125
small,64,2,2,4,213710,3.929,2.384,1.545,25.98583984375,0.878326416015625,0.1835968792438507,103.094482421875,10334.556640625
wide,128,2,4,4,779662,4.562,2.366,2.196,40.23974609375,0.8772522211074829,0.16214387118816376,106.19912719726562,10946.513671875
deep,64,4,4,4,363086,5.076,2.669,2.407,33.787109375,0.8903071284294128,0.1835097372531891,90.34275817871094,10640.8388671875
